sample_index,design,request_group,metric_or_endpoint,url,status_code,response_size_bytes,elapsed_ms,error
1,design-a,prometheus-direct,cpu,http://localhost:9090/api/v1/query?query=100+-+%28avg+by+%28instance%29+%28rate%28node_cpu_seconds_total%7Bmode%3D%22idle%22%7D%5B1m%5D%29%29+%2A+100%29,200,153,28.581,
1,design-a,prometheus-direct,memory,http://localhost:9090/api/v1/query?query=%281+-+%28node_memory_MemAvailable_bytes+%2F+node_memory_MemTotal_bytes%29%29+%2A+100,200,174,1.142,
1,design-a,prometheus-direct,disk,http://localhost:9090/api/v1/query?query=%281+-+%28node_filesystem_avail_bytes%7Bmountpoint%3D%22%2F%22%2Cfstype%21%3D%22rootfs%22%7D+%2F+node_filesystem_size_bytes%7Bmountpoint%3D%22%2F%22%2Cfstype%21%3D%22rootfs%22%7D%29%29+%2A+100,200,63,0.957,
1,design-a,prometheus-direct,connectivity,http://localhost:9090/api/v1/query?query=up%7Bjob%3D%22node_exporter%22%7D,200,174,0.938,
1,design-a,prometheus-direct,rx,http://localhost:9090/api/v1/query?query=rate%28node_network_receive_bytes_total%7Bdevice%21%3D%22lo%22%7D%5B1m%5D%29,200,191,0.787,
1,design-a,prometheus-direct,tx,http://localhost:9090/api/v1/query?query=rate%28node_network_transmit_bytes_total%7Bdevice%21%3D%22lo%22%7D%5B1m%5D%29,200,191,0.823,
1,design-b,gateway-summary,summary,http://localhost:8080/api/v1/summary,200,338,18.404,
2,design-a,prometheus-direct,cpu,http://localhost:9090/api/v1/query?query=100+-+%28avg+by+%28instance%29+%28rate%28node_cpu_seconds_total%7Bmode%3D%22idle%22%7D%5B1m%5D%29%29+%2A+100%29,200,153,1.228,
2,design-a,prometheus-direct,memory,http://localhost:9090/api/v1/query?query=%281+-+%28node_memory_MemAvailable_bytes+%2F+node_memory_MemTotal_bytes%29%29+%2A+100,200,174,0.954,
2,design-a,prometheus-direct,disk,http://localhost:9090/api/v1/query?query=%281+-+%28node_filesystem_avail_bytes%7Bmountpoint%3D%22%2F%22%2Cfstype%21%3D%22rootfs%22%7D+%2F+node_filesystem_size_bytes%7Bmountpoint%3D%22%2F%22%2Cfstype%21%3D%22rootfs%22%7D%29%29+%2A+100,200,63,0.951,
2,design-a,prometheus-direct,connectivity,http://localhost:9090/api/v1/query?query=up%7Bjob%3D%22node_exporter%22%7D,200,174,0.845,
2,design-a,prometheus-direct,rx,http://localhost:9090/api/v1/query?query=rate%28node_network_receive_bytes_total%7Bdevice%21%3D%22lo%22%7D%5B1m%5D%29,200,191,0.869,
2,design-a,prometheus-direct,tx,http://localhost:9090/api/v1/query?query=rate%28node_network_transmit_bytes_total%7Bdevice%21%3D%22lo%22%7D%5B1m%5D%29,200,191,0.896,
2,design-b,gateway-summary,summary,http://localhost:8080/api/v1/summary,200,338,1.369,
3,design-a,prometheus-direct,cpu,http://localhost:9090/api/v1/query?query=100+-+%28avg+by+%28instance%29+%28rate%28node_cpu_seconds_total%7Bmode%3D%22idle%22%7D%5B1m%5D%29%29+%2A+100%29,200,153,1.024,
3,design-a,prometheus-direct,memory,http://localhost:9090/api/v1/query?query=%281+-+%28node_memory_MemAvailable_bytes+%2F+node_memory_MemTotal_bytes%29%29+%2A+100,200,174,1.033,
3,design-a,prometheus-direct,disk,http://localhost:9090/api/v1/query?query=%281+-+%28node_filesystem_avail_bytes%7Bmountpoint%3D%22%2F%22%2Cfstype%21%3D%22rootfs%22%7D+%2F+node_filesystem_size_bytes%7Bmountpoint%3D%22%2F%22%2Cfstype%21%3D%22rootfs%22%7D%29%29+%2A+100,200,63,1.045,
3,design-a,prometheus-direct,connectivity,http://localhost:9090/api/v1/query?query=up%7Bjob%3D%22node_exporter%22%7D,200,174,0.855,
3,design-a,prometheus-direct,rx,http://localhost:9090/api/v1/query?query=rate%28node_network_receive_bytes_total%7Bdevice%21%3D%22lo%22%7D%5B1m%5D%29,200,191,0.732,
3,design-a,prometheus-direct,tx,http://localhost:9090/api/v1/query?query=rate%28node_network_transmit_bytes_total%7Bdevice%21%3D%22lo%22%7D%5B1m%5D%29,200,191,0.862,
3,design-b,gateway-summary,summary,http://localhost:8080/api/v1/summary,200,338,1.331,
4,design-a,prometheus-direct,cpu,http://localhost:9090/api/v1/query?query=100+-+%28avg+by+%28instance%29+%28rate%28node_cpu_seconds_total%7Bmode%3D%22idle%22%7D%5B1m%5D%29%29+%2A+100%29,200,153,1.026,
4,design-a,prometheus-direct,memory,http://localhost:9090/api/v1/query?query=%281+-+%28node_memory_MemAvailable_bytes+%2F+node_memory_MemTotal_bytes%29%29+%2A+100,200,174,0.855,
4,design-a,prometheus-direct,disk,http://localhost:9090/api/v1/query?query=%281+-+%28node_filesystem_avail_bytes%7Bmountpoint%3D%22%2F%22%2Cfstype%21%3D%22rootfs%22%7D+%2F+node_filesystem_size_bytes%7Bmountpoint%3D%22%2F%22%2Cfstype%21%3D%22rootfs%22%7D%29%29+%2A+100,200,63,0.867,
4,design-a,prometheus-direct,connectivity,http://localhost:9090/api/v1/query?query=up%7Bjob%3D%22node_exporter%22%7D,200,174,0.879,
4,design-a,prometheus-direct,rx,http://localhost:9090/api/v1/query?query=rate%28node_network_receive_bytes_total%7Bdevice%21%3D%22lo%22%7D%5B1m%5D%29,200,191,0.800,
4,design-a,prometheus-direct,tx,http://localhost:9090/api/v1/query?query=rate%28node_network_transmit_bytes_total%7Bdevice%21%3D%22lo%22%7D%5B1m%5D%29,200,191,0.767,
4,design-b,gateway-summary,summary,http://localhost:8080/api/v1/summary,200,338,1.254,
5,design-a,prometheus-direct,cpu,http://localhost:9090/api/v1/query?query=100+-+%28avg+by+%28instance%29+%28rate%28node_cpu_seconds_total%7Bmode%3D%22idle%22%7D%5B1m%5D%29%29+%2A+100%29,200,153,1.029,
5,design-a,prometheus-direct,memory,http://localhost:9090/api/v1/query?query=%281+-+%28node_memory_MemAvailable_bytes+%2F+node_memory_MemTotal_bytes%29%29+%2A+100,200,174,0.934,
5,design-a,prometheus-direct,disk,http://localhost:9090/api/v1/query?query=%281+-+%28node_filesystem_avail_bytes%7Bmountpoint%3D%22%2F%22%2Cfstype%21%3D%22rootfs%22%7D+%2F+node_filesystem_size_bytes%7Bmountpoint%3D%22%2F%22%2Cfstype%21%3D%22rootfs%22%7D%29%29+%2A+100,200,63,0.890,
5,design-a,prometheus-direct,connectivity,http://localhost:9090/api/v1/query?query=up%7Bjob%3D%22node_exporter%22%7D,200,174,0.855,
5,design-a,prometheus-direct,rx,http://localhost:9090/api/v1/query?query=rate%28node_network_receive_bytes_total%7Bdevice%21%3D%22lo%22%7D%5B1m%5D%29,200,191,0.964,
5,design-a,prometheus-direct,tx,http://localhost:9090/api/v1/query?query=rate%28node_network_transmit_bytes_total%7Bdevice%21%3D%22lo%22%7D%5B1m%5D%29,200,191,0.936,
5,design-b,gateway-summary,summary,http://localhost:8080/api/v1/summary,200,338,1.309,
6,design-a,prometheus-direct,cpu,http://localhost:9090/api/v1/query?query=100+-+%28avg+by+%28instance%29+%28rate%28node_cpu_seconds_total%7Bmode%3D%22idle%22%7D%5B1m%5D%29%29+%2A+100%29,200,153,1.092,
6,design-a,prometheus-direct,memory,http://localhost:9090/api/v1/query?query=%281+-+%28node_memory_MemAvailable_bytes+%2F+node_memory_MemTotal_bytes%29%29+%2A+100,200,174,0.897,
6,design-a,prometheus-direct,disk,http://localhost:9090/api/v1/query?query=%281+-+%28node_filesystem_avail_bytes%7Bmountpoint%3D%22%2F%22%2Cfstype%21%3D%22rootfs%22%7D+%2F+node_filesystem_size_bytes%7Bmountpoint%3D%22%2F%22%2Cfstype%21%3D%22rootfs%22%7D%29%29+%2A+100,200,63,0.889,
6,design-a,prometheus-direct,connectivity,http://localhost:9090/api/v1/query?query=up%7Bjob%3D%22node_exporter%22%7D,200,174,0.768,
6,design-a,prometheus-direct,rx,http://localhost:9090/api/v1/query?query=rate%28node_network_receive_bytes_total%7Bdevice%21%3D%22lo%22%7D%5B1m%5D%29,200,191,0.881,
6,design-a,prometheus-direct,tx,http://localhost:9090/api/v1/query?query=rate%28node_network_transmit_bytes_total%7Bdevice%21%3D%22lo%22%7D%5B1m%5D%29,200,191,0.825,
6,design-b,gateway-summary,summary,http://localhost:8080/api/v1/summary,200,338,1.266,
7,design-a,prometheus-direct,cpu,http://localhost:9090/api/v1/query?query=100+-+%28avg+by+%28instance%29+%28rate%28node_cpu_seconds_total%7Bmode%3D%22idle%22%7D%5B1m%5D%29%29+%2A+100%29,200,153,1.044,
7,design-a,prometheus-direct,memory,http://localhost:9090/api/v1/query?query=%281+-+%28node_memory_MemAvailable_bytes+%2F+node_memory_MemTotal_bytes%29%29+%2A+100,200,174,0.907,
7,design-a,prometheus-direct,disk,http://localhost:9090/api/v1/query?query=%281+-+%28node_filesystem_avail_bytes%7Bmountpoint%3D%22%2F%22%2Cfstype%21%3D%22rootfs%22%7D+%2F+node_filesystem_size_bytes%7Bmountpoint%3D%22%2F%22%2Cfstype%21%3D%22rootfs%22%7D%29%29+%2A+100,200,63,0.893,
7,design-a,prometheus-direct,connectivity,http://localhost:9090/api/v1/query?query=up%7Bjob%3D%22node_exporter%22%7D,200,174,0.787,
7,design-a,prometheus-direct,rx,http://localhost:9090/api/v1/query?query=rate%28node_network_receive_bytes_total%7Bdevice%21%3D%22lo%22%7D%5B1m%5D%29,200,191,0.831,
7,design-a,prometheus-direct,tx,http://localhost:9090/api/v1/query?query=rate%28node_network_transmit_bytes_total%7Bdevice%21%3D%22lo%22%7D%5B1m%5D%29,200,191,0.846,
7,design-b,gateway-summary,summary,http://localhost:8080/api/v1/summary,200,338,1.321,
8,design-a,prometheus-direct,cpu,http://localhost:9090/api/v1/query?query=100+-+%28avg+by+%28instance%29+%28rate%28node_cpu_seconds_total%7Bmode%3D%22idle%22%7D%5B1m%5D%29%29+%2A+100%29,200,153,1.100,
8,design-a,prometheus-direct,memory,http://localhost:9090/api/v1/query?query=%281+-+%28node_memory_MemAvailable_bytes+%2F+node_memory_MemTotal_bytes%29%29+%2A+100,200,174,0.876,
8,design-a,prometheus-direct,disk,http://localhost:9090/api/v1/query?query=%281+-+%28node_filesystem_avail_bytes%7Bmountpoint%3D%22%2F%22%2Cfstype%21%3D%22rootfs%22%7D+%2F+node_filesystem_size_bytes%7Bmountpoint%3D%22%2F%22%2Cfstype%21%3D%22rootfs%22%7D%29%29+%2A+100,200,63,0.837,
8,design-a,prometheus-direct,connectivity,http://localhost:9090/api/v1/query?query=up%7Bjob%3D%22node_exporter%22%7D,200,174,0.721,
8,design-a,prometheus-direct,rx,http://localhost:9090/api/v1/query?query=rate%28node_network_receive_bytes_total%7Bdevice%21%3D%22lo%22%7D%5B1m%5D%29,200,191,0.778,
8,design-a,prometheus-direct,tx,http://localhost:9090/api/v1/query?query=rate%28node_network_transmit_bytes_total%7Bdevice%21%3D%22lo%22%7D%5B1m%5D%29,200,191,0.772,
8,design-b,gateway-summary,summary,http://localhost:8080/api/v1/summary,200,338,1.307,
9,design-a,prometheus-direct,cpu,http://localhost:9090/api/v1/query?query=100+-+%28avg+by+%28instance%29+%28rate%28node_cpu_seconds_total%7Bmode%3D%22idle%22%7D%5B1m%5D%29%29+%2A+100%29,200,153,1.090,
9,design-a,prometheus-direct,memory,http://localhost:9090/api/v1/query?query=%281+-+%28node_memory_MemAvailable_bytes+%2F+node_memory_MemTotal_bytes%29%29+%2A+100,200,174,0.937,
9,design-a,prometheus-direct,disk,http://localhost:9090/api/v1/query?query=%281+-+%28node_filesystem_avail_bytes%7Bmountpoint%3D%22%2F%22%2Cfstype%21%3D%22rootfs%22%7D+%2F+node_filesystem_size_bytes%7Bmountpoint%3D%22%2F%22%2Cfstype%21%3D%22rootfs%22%7D%29%29+%2A+100,200,63,0.873,
9,design-a,prometheus-direct,connectivity,http://localhost:9090/api/v1/query?query=up%7Bjob%3D%22node_exporter%22%7D,200,174,0.759,
9,design-a,prometheus-direct,rx,http://localhost:9090/api/v1/query?query=rate%28node_network_receive_bytes_total%7Bdevice%21%3D%22lo%22%7D%5B1m%5D%29,200,191,0.793,
9,design-a,prometheus-direct,tx,http://localhost:9090/api/v1/query?query=rate%28node_network_transmit_bytes_total%7Bdevice%21%3D%22lo%22%7D%5B1m%5D%29,200,191,0.806,
9,design-b,gateway-summary,summary,http://localhost:8080/api/v1/summary,200,338,1.414,
10,design-a,prometheus-direct,cpu,http://localhost:9090/api/v1/query?query=100+-+%28avg+by+%28instance%29+%28rate%28node_cpu_seconds_total%7Bmode%3D%22idle%22%7D%5B1m%5D%29%29+%2A+100%29,200,153,1.067,
10,design-a,prometheus-direct,memory,http://localhost:9090/api/v1/query?query=%281+-+%28node_memory_MemAvailable_bytes+%2F+node_memory_MemTotal_bytes%29%29+%2A+100,200,174,0.880,
10,design-a,prometheus-direct,disk,http://localhost:9090/api/v1/query?query=%281+-+%28node_filesystem_avail_bytes%7Bmountpoint%3D%22%2F%22%2Cfstype%21%3D%22rootfs%22%7D+%2F+node_filesystem_size_bytes%7Bmountpoint%3D%22%2F%22%2Cfstype%21%3D%22rootfs%22%7D%29%29+%2A+100,200,63,0.911,
10,design-a,prometheus-direct,connectivity,http://localhost:9090/api/v1/query?query=up%7Bjob%3D%22node_exporter%22%7D,200,174,0.736,
10,design-a,prometheus-direct,rx,http://localhost:9090/api/v1/query?query=rate%28node_network_receive_bytes_total%7Bdevice%21%3D%22lo%22%7D%5B1m%5D%29,200,191,0.795,
10,design-a,prometheus-direct,tx,http://localhost:9090/api/v1/query?query=rate%28node_network_transmit_bytes_total%7Bdevice%21%3D%22lo%22%7D%5B1m%5D%29,200,191,0.776,
10,design-b,gateway-summary,summary,http://localhost:8080/api/v1/summary,200,338,1.229,
11,design-a,prometheus-direct,cpu,http://localhost:9090/api/v1/query?query=100+-+%28avg+by+%28instance%29+%28rate%28node_cpu_seconds_total%7Bmode%3D%22idle%22%7D%5B1m%5D%29%29+%2A+100%29,200,153,1.055,
11,design-a,prometheus-direct,memory,http://localhost:9090/api/v1/query?query=%281+-+%28node_memory_MemAvailable_bytes+%2F+node_memory_MemTotal_bytes%29%29+%2A+100,200,174,0.882,
11,design-a,prometheus-direct,disk,http://localhost:9090/api/v1/query?query=%281+-+%28node_filesystem_avail_bytes%7Bmountpoint%3D%22%2F%22%2Cfstype%21%3D%22rootfs%22%7D+%2F+node_filesystem_size_bytes%7Bmountpoint%3D%22%2F%22%2Cfstype%21%3D%22rootfs%22%7D%29%29+%2A+100,200,63,0.830,
11,design-a,prometheus-direct,connectivity,http://localhost:9090/api/v1/query?query=up%7Bjob%3D%22node_exporter%22%7D,200,174,0.801,
11,design-a,prometheus-direct,rx,http://localhost:9090/api/v1/query?query=rate%28node_network_receive_bytes_total%7Bdevice%21%3D%22lo%22%7D%5B1m%5D%29,200,191,0.852,
11,design-a,prometheus-direct,tx,http://localhost:9090/api/v1/query?query=rate%28node_network_transmit_bytes_total%7Bdevice%21%3D%22lo%22%7D%5B1m%5D%29,200,191,0.816,
11,design-b,gateway-summary,summary,http://localhost:8080/api/v1/summary,200,338,1.275,
12,design-a,prometheus-direct,cpu,http://localhost:9090/api/v1/query?query=100+-+%28avg+by+%28instance%29+%28rate%28node_cpu_seconds_total%7Bmode%3D%22idle%22%7D%5B1m%5D%29%29+%2A+100%29,200,153,1.102,
12,design-a,prometheus-direct,memory,http://localhost:9090/api/v1/query?query=%281+-+%28node_memory_MemAvailable_bytes+%2F+node_memory_MemTotal_bytes%29%29+%2A+100,200,174,0.973,
12,design-a,prometheus-direct,disk,http://localhost:9090/api/v1/query?query=%281+-+%28node_filesystem_avail_bytes%7Bmountpoint%3D%22%2F%22%2Cfstype%21%3D%22rootfs%22%7D+%2F+node_filesystem_size_bytes%7Bmountpoint%3D%22%2F%22%2Cfstype%21%3D%22rootfs%22%7D%29%29+%2A+100,200,63,0.920,
12,design-a,prometheus-direct,connectivity,http://localhost:9090/api/v1/query?query=up%7Bjob%3D%22node_exporter%22%7D,200,174,0.798,
12,design-a,prometheus-direct,rx,http://localhost:9090/api/v1/query?query=rate%28node_network_receive_bytes_total%7Bdevice%21%3D%22lo%22%7D%5B1m%5D%29,200,191,0.762,
12,design-a,prometheus-direct,tx,http://localhost:9090/api/v1/query?query=rate%28node_network_transmit_bytes_total%7Bdevice%21%3D%22lo%22%7D%5B1m%5D%29,200,191,0.777,
12,design-b,gateway-summary,summary,http://localhost:8080/api/v1/summary,200,338,1.202,
13,design-a,prometheus-direct,cpu,http://localhost:9090/api/v1/query?query=100+-+%28avg+by+%28instance%29+%28rate%28node_cpu_seconds_total%7Bmode%3D%22idle%22%7D%5B1m%5D%29%29+%2A+100%29,200,153,1.009,
13,design-a,prometheus-direct,memory,http://localhost:9090/api/v1/query?query=%281+-+%28node_memory_MemAvailable_bytes+%2F+node_memory_MemTotal_bytes%29%29+%2A+100,200,174,0.818,
13,design-a,prometheus-direct,disk,http://localhost:9090/api/v1/query?query=%281+-+%28node_filesystem_avail_bytes%7Bmountpoint%3D%22%2F%22%2Cfstype%21%3D%22rootfs%22%7D+%2F+node_filesystem_size_bytes%7Bmountpoint%3D%22%2F%22%2Cfstype%21%3D%22rootfs%22%7D%29%29+%2A+100,200,63,0.824,
13,design-a,prometheus-direct,connectivity,http://localhost:9090/api/v1/query?query=up%7Bjob%3D%22node_exporter%22%7D,200,174,0.751,
13,design-a,prometheus-direct,rx,http://localhost:9090/api/v1/query?query=rate%28node_network_receive_bytes_total%7Bdevice%21%3D%22lo%22%7D%5B1m%5D%29,200,191,0.804,
13,design-a,prometheus-direct,tx,http://localhost:9090/api/v1/query?query=rate%28node_network_transmit_bytes_total%7Bdevice%21%3D%22lo%22%7D%5B1m%5D%29,200,191,0.792,
13,design-b,gateway-summary,summary,http://localhost:8080/api/v1/summary,200,338,1.264,
14,design-a,prometheus-direct,cpu,http://localhost:9090/api/v1/query?query=100+-+%28avg+by+%28instance%29+%28rate%28node_cpu_seconds_total%7Bmode%3D%22idle%22%7D%5B1m%5D%29%29+%2A+100%29,200,153,1.092,
14,design-a,prometheus-direct,memory,http://localhost:9090/api/v1/query?query=%281+-+%28node_memory_MemAvailable_bytes+%2F+node_memory_MemTotal_bytes%29%29+%2A+100,200,174,0.848,
14,design-a,prometheus-direct,disk,http://localhost:9090/api/v1/query?query=%281+-+%28node_filesystem_avail_bytes%7Bmountpoint%3D%22%2F%22%2Cfstype%21%3D%22rootfs%22%7D+%2F+node_filesystem_size_bytes%7Bmountpoint%3D%22%2F%22%2Cfstype%21%3D%22rootfs%22%7D%29%29+%2A+100,200,63,0.812,
14,design-a,prometheus-direct,connectivity,http://localhost:9090/api/v1/query?query=up%7Bjob%3D%22node_exporter%22%7D,200,174,0.816,
14,design-a,prometheus-direct,rx,http://localhost:9090/api/v1/query?query=rate%28node_network_receive_bytes_total%7Bdevice%21%3D%22lo%22%7D%5B1m%5D%29,200,191,0.834,
14,design-a,prometheus-direct,tx,http://localhost:9090/api/v1/query?query=rate%28node_network_transmit_bytes_total%7Bdevice%21%3D%22lo%22%7D%5B1m%5D%29,200,191,0.782,
14,design-b,gateway-summary,summary,http://localhost:8080/api/v1/summary,200,338,1.232,
15,design-a,prometheus-direct,cpu,http://localhost:9090/api/v1/query?query=100+-+%28avg+by+%28instance%29+%28rate%28node_cpu_seconds_total%7Bmode%3D%22idle%22%7D%5B1m%5D%29%29+%2A+100%29,200,153,1.036,
15,design-a,prometheus-direct,memory,http://localhost:9090/api/v1/query?query=%281+-+%28node_memory_MemAvailable_bytes+%2F+node_memory_MemTotal_bytes%29%29+%2A+100,200,174,0.851,
15,design-a,prometheus-direct,disk,http://localhost:9090/api/v1/query?query=%281+-+%28node_filesystem_avail_bytes%7Bmountpoint%3D%22%2F%22%2Cfstype%21%3D%22rootfs%22%7D+%2F+node_filesystem_size_bytes%7Bmountpoint%3D%22%2F%22%2Cfstype%21%3D%22rootfs%22%7D%29%29+%2A+100,200,63,0.871,
15,design-a,prometheus-direct,connectivity,http://localhost:9090/api/v1/query?query=up%7Bjob%3D%22node_exporter%22%7D,200,174,0.795,
15,design-a,prometheus-direct,rx,http://localhost:9090/api/v1/query?query=rate%28node_network_receive_bytes_total%7Bdevice%21%3D%22lo%22%7D%5B1m%5D%29,200,191,0.849,
15,design-a,prometheus-direct,tx,http://localhost:9090/api/v1/query?query=rate%28node_network_transmit_bytes_total%7Bdevice%21%3D%22lo%22%7D%5B1m%5D%29,200,191,0.810,
15,design-b,gateway-summary,summary,http://localhost:8080/api/v1/summary,200,338,1.297,
16,design-a,prometheus-direct,cpu,http://localhost:9090/api/v1/query?query=100+-+%28avg+by+%28instance%29+%28rate%28node_cpu_seconds_total%7Bmode%3D%22idle%22%7D%5B1m%5D%29%29+%2A+100%29,200,153,1.022,
16,design-a,prometheus-direct,memory,http://localhost:9090/api/v1/query?query=%281+-+%28node_memory_MemAvailable_bytes+%2F+node_memory_MemTotal_bytes%29%29+%2A+100,200,174,0.854,
16,design-a,prometheus-direct,disk,http://localhost:9090/api/v1/query?query=%281+-+%28node_filesystem_avail_bytes%7Bmountpoint%3D%22%2F%22%2Cfstype%21%3D%22rootfs%22%7D+%2F+node_filesystem_size_bytes%7Bmountpoint%3D%22%2F%22%2Cfstype%21%3D%22rootfs%22%7D%29%29+%2A+100,200,63,0.911,
16,design-a,prometheus-direct,connectivity,http://localhost:9090/api/v1/query?query=up%7Bjob%3D%22node_exporter%22%7D,200,174,0.862,
16,design-a,prometheus-direct,rx,http://localhost:9090/api/v1/query?query=rate%28node_network_receive_bytes_total%7Bdevice%21%3D%22lo%22%7D%5B1m%5D%29,200,191,0.882,
16,design-a,prometheus-direct,tx,http://localhost:9090/api/v1/query?query=rate%28node_network_transmit_bytes_total%7Bdevice%21%3D%22lo%22%7D%5B1m%5D%29,200,191,0.857,
16,design-b,gateway-summary,summary,http://localhost:8080/api/v1/summary,200,338,1.417,
17,design-a,prometheus-direct,cpu,http://localhost:9090/api/v1/query?query=100+-+%28avg+by+%28instance%29+%28rate%28node_cpu_seconds_total%7Bmode%3D%22idle%22%7D%5B1m%5D%29%29+%2A+100%29,200,153,1.146,
17,design-a,prometheus-direct,memory,http://localhost:9090/api/v1/query?query=%281+-+%28node_memory_MemAvailable_bytes+%2F+node_memory_MemTotal_bytes%29%29+%2A+100,200,174,0.908,
17,design-a,prometheus-direct,disk,http://localhost:9090/api/v1/query?query=%281+-+%28node_filesystem_avail_bytes%7Bmountpoint%3D%22%2F%22%2Cfstype%21%3D%22rootfs%22%7D+%2F+node_filesystem_size_bytes%7Bmountpoint%3D%22%2F%22%2Cfstype%21%3D%22rootfs%22%7D%29%29+%2A+100,200,63,0.876,
17,design-a,prometheus-direct,connectivity,http://localhost:9090/api/v1/query?query=up%7Bjob%3D%22node_exporter%22%7D,200,174,0.768,
17,design-a,prometheus-direct,rx,http://localhost:9090/api/v1/query?query=rate%28node_network_receive_bytes_total%7Bdevice%21%3D%22lo%22%7D%5B1m%5D%29,200,191,0.790,
17,design-a,prometheus-direct,tx,http://localhost:9090/api/v1/query?query=rate%28node_network_transmit_bytes_total%7Bdevice%21%3D%22lo%22%7D%5B1m%5D%29,200,191,0.791,
17,design-b,gateway-summary,summary,http://localhost:8080/api/v1/summary,200,338,1.240,
18,design-a,prometheus-direct,cpu,http://localhost:9090/api/v1/query?query=100+-+%28avg+by+%28instance%29+%28rate%28node_cpu_seconds_total%7Bmode%3D%22idle%22%7D%5B1m%5D%29%29+%2A+100%29,200,153,1.124,
18,design-a,prometheus-direct,memory,http://localhost:9090/api/v1/query?query=%281+-+%28node_memory_MemAvailable_bytes+%2F+node_memory_MemTotal_bytes%29%29+%2A+100,200,174,0.911,
18,design-a,prometheus-direct,disk,http://localhost:9090/api/v1/query?query=%281+-+%28node_filesystem_avail_bytes%7Bmountpoint%3D%22%2F%22%2Cfstype%21%3D%22rootfs%22%7D+%2F+node_filesystem_size_bytes%7Bmountpoint%3D%22%2F%22%2Cfstype%21%3D%22rootfs%22%7D%29%29+%2A+100,200,63,0.908,
18,design-a,prometheus-direct,connectivity,http://localhost:9090/api/v1/query?query=up%7Bjob%3D%22node_exporter%22%7D,200,174,0.874,
18,design-a,prometheus-direct,rx,http://localhost:9090/api/v1/query?query=rate%28node_network_receive_bytes_total%7Bdevice%21%3D%22lo%22%7D%5B1m%5D%29,200,191,0.945,
18,design-a,prometheus-direct,tx,http://localhost:9090/api/v1/query?query=rate%28node_network_transmit_bytes_total%7Bdevice%21%3D%22lo%22%7D%5B1m%5D%29,200,191,0.870,
18,design-b,gateway-summary,summary,http://localhost:8080/api/v1/summary,200,338,1.417,
19,design-a,prometheus-direct,cpu,http://localhost:9090/api/v1/query?query=100+-+%28avg+by+%28instance%29+%28rate%28node_cpu_seconds_total%7Bmode%3D%22idle%22%7D%5B1m%5D%29%29+%2A+100%29,200,153,1.134,
19,design-a,prometheus-direct,memory,http://localhost:9090/api/v1/query?query=%281+-+%28node_memory_MemAvailable_bytes+%2F+node_memory_MemTotal_bytes%29%29+%2A+100,200,174,0.929,
19,design-a,prometheus-direct,disk,http://localhost:9090/api/v1/query?query=%281+-+%28node_filesystem_avail_bytes%7Bmountpoint%3D%22%2F%22%2Cfstype%21%3D%22rootfs%22%7D+%2F+node_filesystem_size_bytes%7Bmountpoint%3D%22%2F%22%2Cfstype%21%3D%22rootfs%22%7D%29%29+%2A+100,200,63,0.885,
19,design-a,prometheus-direct,connectivity,http://localhost:9090/api/v1/query?query=up%7Bjob%3D%22node_exporter%22%7D,200,174,0.779,
19,design-a,prometheus-direct,rx,http://localhost:9090/api/v1/query?query=rate%28node_network_receive_bytes_total%7Bdevice%21%3D%22lo%22%7D%5B1m%5D%29,200,191,0.819,
19,design-a,prometheus-direct,tx,http://localhost:9090/api/v1/query?query=rate%28node_network_transmit_bytes_total%7Bdevice%21%3D%22lo%22%7D%5B1m%5D%29,200,191,0.780,
19,design-b,gateway-summary,summary,http://localhost:8080/api/v1/summary,200,338,1.242,
20,design-a,prometheus-direct,cpu,http://localhost:9090/api/v1/query?query=100+-+%28avg+by+%28instance%29+%28rate%28node_cpu_seconds_total%7Bmode%3D%22idle%22%7D%5B1m%5D%29%29+%2A+100%29,200,153,1.027,
20,design-a,prometheus-direct,memory,http://localhost:9090/api/v1/query?query=%281+-+%28node_memory_MemAvailable_bytes+%2F+node_memory_MemTotal_bytes%29%29+%2A+100,200,174,0.878,
20,design-a,prometheus-direct,disk,http://localhost:9090/api/v1/query?query=%281+-+%28node_filesystem_avail_bytes%7Bmountpoint%3D%22%2F%22%2Cfstype%21%3D%22rootfs%22%7D+%2F+node_filesystem_size_bytes%7Bmountpoint%3D%22%2F%22%2Cfstype%21%3D%22rootfs%22%7D%29%29+%2A+100,200,63,0.852,
20,design-a,prometheus-direct,connectivity,http://localhost:9090/api/v1/query?query=up%7Bjob%3D%22node_exporter%22%7D,200,174,0.780,
20,design-a,prometheus-direct,rx,http://localhost:9090/api/v1/query?query=rate%28node_network_receive_bytes_total%7Bdevice%21%3D%22lo%22%7D%5B1m%5D%29,200,191,0.831,
20,design-a,prometheus-direct,tx,http://localhost:9090/api/v1/query?query=rate%28node_network_transmit_bytes_total%7Bdevice%21%3D%22lo%22%7D%5B1m%5D%29,200,191,0.792,
20,design-b,gateway-summary,summary,http://localhost:8080/api/v1/summary,200,338,1.273,
