run_id,scenario,design,repetition,accepted,line_count,sample_count,capture_start,capture_end,duration_seconds,first_tick,last_tick,wifi_up_lines,wifi_down_lines,gw_live_lines,gw_stale_lines,gw_fail_lines,live_labels,stale_labels,fail_labels,has_hotspot_off,has_hotspot_on,has_delay_2000,has_delay_0,has_prometheus_stop,has_prometheus_start,reset_markers
RUN-20260518-final-v2-normal-design-a-r1,normal,design-a,1,YES,182,180,2026-05-18 17:17:57,2026-05-18 17:20:58,181,260,439,180,0,0,0,0,720,0,0,NO,NO,NO,NO,NO,NO,0
RUN-20260518-final-v2-normal-design-a-r2,normal,design-a,2,YES,182,180,2026-05-18 17:25:46,2026-05-18 17:28:47,181,728,907,180,0,0,0,0,720,0,0,NO,NO,NO,NO,NO,NO,0
RUN-20260518-final-v2-normal-design-a-r3,normal,design-a,3,YES,182,180,2026-05-18 17:35:38,2026-05-18 17:38:38,180,1319,1498,180,0,0,0,0,720,0,0,NO,NO,NO,NO,NO,NO,0
RUN-20260518-final-v2-normal-design-a-r4,normal,design-a,4,YES,182,180,2026-05-18 17:41:13,2026-05-18 17:44:14,181,1653,1832,180,0,0,0,0,720,0,0,NO,NO,NO,NO,NO,NO,0
RUN-20260518-final-v2-normal-design-a-r5,normal,design-a,5,YES,182,180,2026-05-18 17:47:40,2026-05-18 17:50:40,180,2039,2218,180,0,0,0,0,720,0,0,NO,NO,NO,NO,NO,NO,0
RUN-20260518-final-v2-normal-design-b-r1,normal,design-b,1,YES,183,181,2026-05-18 18:13:38,2026-05-18 18:16:38,180,165,345,181,0,181,0,0,724,0,0,NO,NO,NO,NO,NO,NO,0
RUN-20260518-final-v2-normal-design-b-r2,normal,design-b,2,YES,182,180,2026-05-18 18:16:38,2026-05-18 18:19:39,181,346,525,180,0,180,0,0,720,0,0,NO,NO,NO,NO,NO,NO,0
RUN-20260518-final-v2-normal-design-b-r3,normal,design-b,3,YES,182,180,2026-05-18 18:19:40,2026-05-18 18:22:40,180,527,706,180,0,180,0,0,720,0,0,NO,NO,NO,NO,NO,NO,0
RUN-20260518-final-v2-normal-design-b-r4,normal,design-b,4,YES,183,181,2026-05-18 18:22:41,2026-05-18 18:25:41,180,708,888,181,0,181,0,0,724,0,0,NO,NO,NO,NO,NO,NO,0
RUN-20260518-final-v2-normal-design-b-r5,normal,design-b,5,YES,183,181,2026-05-18 18:25:42,2026-05-18 18:28:42,180,889,1069,181,0,181,0,0,724,0,0,NO,NO,NO,NO,NO,NO,0
RUN-20260518-final-v2-wifi-loss-design-a-r1,wifi-loss,design-a,1,YES,246,239,2026-05-18 23:50:44,2026-05-18 23:54:44,240,598,836,141,98,0,0,0,552,109,295,YES,YES,NO,NO,NO,NO,0
RUN-20260518-final-v2-wifi-loss-design-a-r2,wifi-loss,design-a,2,YES,246,239,2026-05-18 23:55:10,2026-05-18 23:59:10,240,863,1101,137,102,0,0,0,537,111,308,YES,YES,NO,NO,NO,NO,0
RUN-20260518-final-v2-wifi-loss-design-a-r3,wifi-loss,design-a,3,YES,247,240,2026-05-18 23:59:36,2026-05-19 00:03:37,241,1128,1367,143,97,0,0,0,562,113,285,YES,YES,NO,NO,NO,NO,0
RUN-20260518-final-v2-wifi-loss-design-a-r4,wifi-loss,design-a,4,YES,246,239,2026-05-19 00:04:02,2026-05-19 00:08:02,240,1393,1631,142,97,0,0,0,557,112,287,YES,YES,NO,NO,NO,NO,0
RUN-20260518-final-v2-wifi-loss-design-a-r5,wifi-loss,design-a,5,YES,246,239,2026-05-19 00:08:28,2026-05-19 00:12:29,241,1658,1896,142,97,0,0,0,553,111,292,YES,YES,NO,NO,NO,NO,0
RUN-20260518-final-v2-wifi-loss-design-b-r1,wifi-loss,design-b,1,YES,245,238,2026-05-19 00:28:03,2026-05-19 00:32:03,240,97,334,136,102,134,103,1,536,412,4,YES,YES,NO,NO,NO,NO,0
RUN-20260518-final-v2-wifi-loss-design-b-r2,wifi-loss,design-b,2,YES,246,239,2026-05-19 00:32:29,2026-05-19 00:36:30,241,360,598,129,110,128,110,1,512,440,4,YES,YES,NO,NO,NO,NO,0
RUN-20260518-final-v2-wifi-loss-design-b-r3,wifi-loss,design-b,3,YES,246,239,2026-05-19 00:36:55,2026-05-19 00:40:55,240,625,863,142,97,141,97,1,564,388,4,YES,YES,NO,NO,NO,NO,0
RUN-20260518-final-v2-wifi-loss-design-b-r4,wifi-loss,design-b,4,YES,245,238,2026-05-19 00:41:21,2026-05-19 00:45:22,241,889,1126,141,97,141,97,0,564,388,0,YES,YES,NO,NO,NO,NO,0
RUN-20260518-final-v2-wifi-loss-design-b-r5,wifi-loss,design-b,5,YES,246,239,2026-05-19 00:45:47,2026-05-19 00:49:48,241,1153,1391,141,98,140,98,1,560,392,4,YES,YES,NO,NO,NO,NO,0
RUN-20260518-final-v2-slow-backend-design-a-r1,slow-backend,design-a,1,YES,243,236,2026-05-19 01:31:18,2026-05-19 01:35:19,241,1077,1312,236,0,0,0,0,592,99,253,NO,NO,YES,YES,NO,NO,0
RUN-20260518-final-v2-slow-backend-design-a-r2,slow-backend,design-a,2,YES,244,237,2026-05-19 01:35:44,2026-05-19 01:39:45,241,1338,1574,237,0,0,0,0,596,99,253,NO,NO,YES,YES,NO,NO,0
RUN-20260518-final-v2-slow-backend-design-a-r3,slow-backend,design-a,3,YES,243,236,2026-05-19 01:40:10,2026-05-19 01:44:10,240,1599,1834,236,0,0,0,0,596,98,250,NO,NO,YES,YES,NO,NO,0
RUN-20260518-final-v2-slow-backend-design-a-r4,slow-backend,design-a,4,YES,243,236,2026-05-19 01:44:35,2026-05-19 01:48:36,241,1860,2095,236,0,0,0,0,592,99,253,NO,NO,YES,YES,NO,NO,0
RUN-20260518-final-v2-slow-backend-design-a-r5,slow-backend,design-a,5,YES,244,237,2026-05-19 01:49:00,2026-05-19 01:53:01,241,2121,2357,237,0,0,0,0,596,99,253,NO,NO,YES,YES,NO,NO,0
RUN-20260518-final-v2-slow-backend-design-b-r1,slow-backend,design-b,1,YES,242,235,2026-05-19 02:07:37,2026-05-19 02:11:37,240,77,311,235,0,149,86,0,596,344,0,NO,NO,YES,YES,NO,NO,0
RUN-20260518-final-v2-slow-backend-design-b-r2,slow-backend,design-b,2,YES,242,235,2026-05-19 02:12:02,2026-05-19 02:16:02,240,337,571,235,0,147,88,0,588,352,0,NO,NO,YES,YES,NO,NO,0
RUN-20260518-final-v2-slow-backend-design-b-r3,slow-backend,design-b,3,YES,243,236,2026-05-19 02:16:27,2026-05-19 02:20:28,241,597,832,236,0,149,87,0,596,348,0,NO,NO,YES,YES,NO,NO,0
RUN-20260518-final-v2-slow-backend-design-b-r4,slow-backend,design-b,4,YES,243,236,2026-05-19 02:20:52,2026-05-19 02:24:53,241,858,1093,236,0,149,87,0,596,348,0,NO,NO,YES,YES,NO,NO,0
RUN-20260518-final-v2-slow-backend-design-b-r5,slow-backend,design-b,5,YES,243,236,2026-05-19 02:25:18,2026-05-19 02:29:18,240,1119,1354,236,0,154,82,0,616,328,0,NO,NO,YES,YES,NO,NO,0
RUN-20260518-final-v2-backend-down-design-a-r1,backend-down,design-a,1,YES,175,168,2026-05-19 02:48:37,2026-05-19 02:52:38,241,66,233,168,0,0,0,0,597,19,56,NO,NO,NO,NO,YES,YES,0
RUN-20260518-final-v2-backend-down-design-a-r2,backend-down,design-a,2,YES,174,167,2026-05-19 02:53:04,2026-05-19 02:57:04,240,259,425,167,0,0,0,0,597,14,57,NO,NO,NO,NO,YES,YES,0
RUN-20260518-final-v2-backend-down-design-a-r3,backend-down,design-a,3,YES,174,167,2026-05-19 02:57:30,2026-05-19 03:01:30,240,453,619,167,0,0,0,0,597,17,54,NO,NO,NO,NO,YES,YES,0
RUN-20260518-final-v2-backend-down-design-a-r4,backend-down,design-a,4,YES,175,168,2026-05-19 03:01:56,2026-05-19 03:05:57,241,645,812,168,0,0,0,0,598,15,59,NO,NO,NO,NO,YES,YES,0
RUN-20260518-final-v2-backend-down-design-a-r5,backend-down,design-a,5,YES,174,167,2026-05-19 03:06:23,2026-05-19 03:10:23,240,838,1004,167,0,0,0,0,598,14,56,NO,NO,NO,NO,YES,YES,0
RUN-20260518-final-v2-backend-down-design-b-r1,backend-down,design-b,1,YES,247,240,2026-05-19 04:11:50,2026-05-19 04:15:50,240,226,465,240,0,150,90,0,600,360,0,NO,NO,NO,NO,YES,YES,0
RUN-20260518-final-v2-backend-down-design-b-r2,backend-down,design-b,2,YES,247,240,2026-05-19 04:16:16,2026-05-19 04:20:16,240,491,730,240,0,150,90,0,600,360,0,NO,NO,NO,NO,YES,YES,0
RUN-20260518-final-v2-backend-down-design-b-r3,backend-down,design-b,3,YES,247,240,2026-05-19 04:20:42,2026-05-19 04:24:42,240,757,996,240,0,150,90,0,600,360,0,NO,NO,NO,NO,YES,YES,0
RUN-20260518-final-v2-backend-down-design-b-r4,backend-down,design-b,4,YES,247,240,2026-05-19 04:25:08,2026-05-19 04:29:09,241,1024,1263,240,0,150,90,0,600,360,0,NO,NO,NO,NO,YES,YES,0
RUN-20260518-final-v2-backend-down-design-b-r5,backend-down,design-b,5,YES,247,240,2026-05-19 04:29:34,2026-05-19 04:33:35,241,1289,1528,240,0,150,90,0,600,360,0,NO,NO,NO,NO,YES,YES,0
